{
	"Name" : "Teabag Confirmed",
	"Description": "Allows Teabag Confirmed in servers gamemodes",
	"Version": "1.0.0",
	"LoadPriority": 1,
	"RequiredOnClient": true,

	"Scripts": [
		{
			"Path": "gamemodes/sh_gamemode_tbag.nut",
			"RunOn": "( CLIENT || SERVER ) && MP",
			"ClientCallback": {
				"Before": "Sh_GamemodeTbag_Init"
			},

			"ServerCallback": {
				"Before": "Sh_GamemodeTbag_Init"
			}
		},
		{
			"Path": "gamemodes/_gamemode_tbag.nut",
			"RunOn": "SERVER && MP"
		},
        {
			"Path": "gamemodes/cl_gamemode_tbag.nut",
			"RunOn": "CLIENT && MP"
		},
	],

	"Localisation": [
		"resource/tbag_custom_%language%.txt"
	]
}